<?xml version="1.0" encoding="UTF-8" standalone="no"?>
<Canvas xmlns="http://www.jgrasp.org">
  <Language>Java</Language>
  <ShowTypes>true</ShowTypes>
  <Version>2</Version>
  <Grid>
    <Snap>true</Snap>
    <Show>false</Show>
  </Grid>
  <Scope id="1">
    <Name>readFile</Name>
    <Signature>(Ljava/lang/String;)LTriangleList;</Signature>
    <DeclaringType>TriangleList</DeclaringType>
    <Depth>1</Depth>
  </Scope>
  <Scope id="0">
    <Name>main</Name>
    <Signature>([Ljava/lang/String;)V</Signature>
    <DeclaringType>TriangleListMenuApp</DeclaringType>
    <Depth>0</Depth>
  </Scope>
  <Frame>
    <Bounds>
      <AutoSize>true</AutoSize>
      <X>50</X>
      <Y>166</Y>
      <W>267</W>
      <H>238</H>
    </Bounds>
    <Viewer>
      <ScopeID>0</ScopeID>
      <Expression>`local TriangleList` tL</Expression>
      <ViewerClass>java__lang__Object_LinkedView</ViewerClass>
      <ViewerData>
        <StructureFields>
          <Field>
            <Name>listName</Name>
          </Field>
        </StructureFields>
        <ViewData>
          <Width>175</Width>
          <Vertical>true</Vertical>
        </ViewData>
      </ViewerData>
    </Viewer>
  </Frame>
  <Frame>
    <Bounds>
      <AutoSize>true</AutoSize>
      <X>60</X>
      <Y>520</Y>
      <W>249</W>
      <H>78</H>
    </Bounds>
    <Viewer>
      <ScopeID>0</ScopeID>
      <Expression>`local TriangleList` tL</Expression>
      <ViewerClass>_X_ElementView</ViewerClass>
    </Viewer>
  </Frame>
  <Frame>
    <Bounds>
      <AutoSize>true</AutoSize>
      <X>380</X>
      <Y>70</Y>
      <W>254</W>
      <H>114</H>
    </Bounds>
    <Viewer>
      <ScopeID>1</ScopeID>
      <Expression>`local java.util.ArrayList` myList</Expression>
      <ViewerClass>java__util__Collection_ToStringView</ViewerClass>
    </Viewer>
  </Frame>
  <Frame>
    <Bounds>
      <AutoSize>true</AutoSize>
      <X>350</X>
      <Y>510</Y>
      <W>275</W>
      <H>106</H>
    </Bounds>
    <Viewer>
      <ScopeID>0</ScopeID>
      <Expression>`local TriangleList` tL.tList</Expression>
      <ViewerClass>_X_ElementView</ViewerClass>
    </Viewer>
  </Frame>
  <Frame>
    <Bounds>
      <AutoSize>false</AutoSize>
      <X>380</X>
      <Y>210</Y>
      <W>249</W>
      <H>258</H>
    </Bounds>
    <PanelSize>
      <Key>_X_ElementView0</Key>
      <Order>4</Order>
      <W>255</W>
      <H>284</H>
    </PanelSize>
    <Viewer>
      <ScopeID>0</ScopeID>
      <Expression>`local TriangleList` tL.tList.elementData</Expression>
      <ViewerClass>_X_ElementView</ViewerClass>
    </Viewer>
  </Frame>
  <Frame>
    <Bounds>
      <AutoSize>true</AutoSize>
      <X>220</X>
      <Y>56</Y>
      <W>50</W>
      <H>46</H>
    </Bounds>
    <Viewer>
      <ScopeID>0</ScopeID>
      <Expression>`local java.lang.String` code</Expression>
      <ViewerClass>java__lang__String_FormattedView</ViewerClass>
    </Viewer>
  </Frame>
  <Frame>
    <Bounds>
      <AutoSize>true</AutoSize>
      <X>60</X>
      <Y>56</Y>
      <W>121</W>
      <H>46</H>
    </Bounds>
    <Viewer>
      <ScopeID>0</ScopeID>
      <Expression>`local java.lang.String` tListName</Expression>
      <ViewerClass>java__lang__String_FormattedView</ViewerClass>
    </Viewer>
  </Frame>
  <Size>
    <W>749</W>
    <H>761</H>
  </Size>
  <ESize>
    <W>749</W>
    <H>761</H>
  </ESize>
  <Excl>-*#&lt;init&gt;
Triangle#toString()Ljava/lang/String;
-TriangleList#toString()Ljava/lang/String;
-Triangle#&lt;init&gt;(DDD)V</Excl>
</Canvas>
