<?xml version="1.0" encoding="UTF-8" standalone="no"?>
<Canvas xmlns="http://www.jgrasp.org">
  <Language>Java</Language>
  <ShowTypes>false</ShowTypes>
  <Version>2</Version>
  <Grid>
    <Snap>true</Snap>
    <Show>false</Show>
  </Grid>
  <Scope id="0">
    <Name>main</Name>
    <Signature>([Ljava/lang/String;)V</Signature>
    <DeclaringType>TriangleList</DeclaringType>
    <Depth>0</Depth>
  </Scope>
  <Frame>
    <Bounds>
      <AutoSize>true</AutoSize>
      <X>30</X>
      <Y>450</Y>
      <W>118</W>
      <H>106</H>
    </Bounds>
    <Viewer>
      <ScopeID>0</ScopeID>
      <Expression>`local java.util.ArrayList` triangles.get(0)</Expression>
      <ViewerClass>_X_ElementView</ViewerClass>
    </Viewer>
  </Frame>
  <Frame>
    <Bounds>
      <AutoSize>true</AutoSize>
      <X>480</X>
      <Y>450</Y>
      <W>139</W>
      <H>106</H>
    </Bounds>
    <Viewer>
      <ScopeID>0</ScopeID>
      <Expression>`local java.util.ArrayList` triangles.get(index)</Expression>
      <ViewerClass>java__lang__Object_FormattedToStringView</ViewerClass>
    </Viewer>
  </Frame>
  <Frame>
    <Bounds>
      <AutoSize>true</AutoSize>
      <X>280</X>
      <Y>450</Y>
      <W>118</W>
      <H>106</H>
    </Bounds>
    <Viewer>
      <ScopeID>0</ScopeID>
      <Expression>`local java.util.ArrayList` triangles.get(index)</Expression>
      <ViewerClass>_X_ElementView</ViewerClass>
    </Viewer>
  </Frame>
  <Frame>
    <Bounds>
      <AutoSize>false</AutoSize>
      <X>30</X>
      <Y>60</Y>
      <W>698</W>
      <H>175</H>
    </Bounds>
    <PanelSize>
      <Key>java__lang__Object_LinkedView0</Key>
      <Order>4</Order>
      <W>704</W>
      <H>201</H>
    </PanelSize>
    <Viewer>
      <ScopeID>0</ScopeID>
      <Expression>`local java.util.ArrayList` triangles</Expression>
      <Indices>index</Indices>
      <ViewerClass>java__lang__Object_LinkedView</ViewerClass>
      <ViewerData>
        <StructureData>
          <Type>Array</Type>
          <SzExp>(_struct_.elementData == null)? 0 : _struct_.elementData.length</SzExp>
          <UsedExp>_index_ &lt; _struct_.size</UsedExp>
          <ElementExp>_struct_.elementData[_index_]</ElementExp>
        </StructureData>
        <ViewData>
          <Scale>41</Scale>
          <Width>136</Width>
        </ViewData>
      </ViewerData>
    </Viewer>
  </Frame>
  <Frame>
    <Bounds>
      <AutoSize>false</AutoSize>
      <X>30</X>
      <Y>270</Y>
      <W>608</W>
      <H>134</H>
    </Bounds>
    <PanelSize>
      <Key>java__util__Collection_ToStringView0</Key>
      <Order>4</Order>
      <W>614</W>
      <H>160</H>
    </PanelSize>
    <Viewer>
      <ScopeID>0</ScopeID>
      <Expression>`local java.util.ArrayList` triangles</Expression>
      <ViewerClass>java__util__Collection_ToStringView</ViewerClass>
    </Viewer>
  </Frame>
  <Size>
    <W>749</W>
    <H>720</H>
  </Size>
  <ESize>
    <W>749</W>
    <H>720</H>
  </ESize>
</Canvas>
