<?xml version="1.0" encoding="UTF-8" standalone="no"?>
<Canvas xmlns="http://www.jgrasp.org">
  <Language>Java</Language>
  <ShowTypes>true</ShowTypes>
  <Version>2</Version>
  <Grid>
    <Snap>true</Snap>
    <Show>false</Show>
  </Grid>
  <Scope id="0">
    <Name>main</Name>
    <Signature>([Ljava/lang/String;)V</Signature>
    <DeclaringType>TypesExample</DeclaringType>
    <Depth>0</Depth>
  </Scope>
  <Frame>
    <Bounds>
      <AutoSize>true</AutoSize>
      <X>330</X>
      <Y>676</Y>
      <W>178</W>
      <H>44</H>
    </Bounds>
    <LabelLoc>
      <WO>false</WO>
    </LabelLoc>
    <Viewer>
      <ScopeID>0</ScopeID>
      <Expression>`local boolean` bn</Expression>
      <ViewerClass>_X_BasicView</ViewerClass>
    </Viewer>
  </Frame>
  <Frame>
    <Bounds>
      <AutoSize>true</AutoSize>
      <X>210</X>
      <Y>46</Y>
      <W>217</W>
      <H>108</H>
    </Bounds>
    <LabelLoc>
      <WO>false</WO>
    </LabelLoc>
    <Viewer>
      <ScopeID>0</ScopeID>
      <Expression>`local short` s</Expression>
      <ViewerClass>short_ShortView</ViewerClass>
    </Viewer>
  </Frame>
  <Frame>
    <Bounds>
      <AutoSize>false</AutoSize>
      <X>430</X>
      <Y>326</Y>
      <W>658</W>
      <H>314</H>
    </Bounds>
    <PanelSize>
      <Key>double_DoubleView0</Key>
      <Order>4</Order>
      <W>664</W>
      <H>340</H>
    </PanelSize>
    <LabelLoc>
      <WO>false</WO>
    </LabelLoc>
    <Viewer>
      <ScopeID>0</ScopeID>
      <Expression>`local double` y</Expression>
      <ViewerClass>double_DoubleView</ViewerClass>
    </Viewer>
  </Frame>
  <Frame>
    <Bounds>
      <AutoSize>false</AutoSize>
      <X>50</X>
      <Y>180</Y>
      <W>668</W>
      <H>114</H>
    </Bounds>
    <PanelSize>
      <Key>long_LongView0</Key>
      <Order>4</Order>
      <W>674</W>
      <H>140</H>
    </PanelSize>
    <LabelLoc>
      <WO>false</WO>
    </LabelLoc>
    <Viewer>
      <ScopeID>0</ScopeID>
      <Expression>`local long` j</Expression>
      <ViewerClass>long_LongView</ViewerClass>
    </Viewer>
  </Frame>
  <Frame>
    <Bounds>
      <AutoSize>true</AutoSize>
      <X>50</X>
      <Y>46</Y>
      <W>145</W>
      <H>108</H>
    </Bounds>
    <LabelLoc>
      <WO>false</WO>
    </LabelLoc>
    <Viewer>
      <ScopeID>0</ScopeID>
      <Expression>`local byte` b</Expression>
      <ViewerClass>byte_ByteView</ViewerClass>
    </Viewer>
  </Frame>
  <Frame>
    <Bounds>
      <AutoSize>true</AutoSize>
      <X>440</X>
      <Y>46</Y>
      <W>361</W>
      <H>108</H>
    </Bounds>
    <LabelLoc>
      <WO>false</WO>
    </LabelLoc>
    <Viewer>
      <ScopeID>0</ScopeID>
      <Expression>`local int` i</Expression>
      <ViewerClass>int_IntView</ViewerClass>
    </Viewer>
  </Frame>
  <Frame>
    <Bounds>
      <AutoSize>true</AutoSize>
      <X>50</X>
      <Y>676</Y>
      <W>217</W>
      <H>148</H>
    </Bounds>
    <LabelLoc>
      <WO>false</WO>
    </LabelLoc>
    <Viewer>
      <ScopeID>0</ScopeID>
      <Expression>`local char` c</Expression>
      <ViewerClass>char_CharView</ViewerClass>
    </Viewer>
  </Frame>
  <Frame>
    <Bounds>
      <AutoSize>true</AutoSize>
      <X>50</X>
      <Y>326</Y>
      <W>368</W>
      <H>312</H>
    </Bounds>
    <LabelLoc>
      <WO>false</WO>
    </LabelLoc>
    <Viewer>
      <ScopeID>0</ScopeID>
      <Expression>`local float` x</Expression>
      <ViewerClass>float_FloatView</ViewerClass>
    </Viewer>
  </Frame>
  <Size>
    <W>1114</W>
    <H>984</H>
  </Size>
  <ESize>
    <W>1114</W>
    <H>984</H>
  </ESize>
</Canvas>
