<?xml version="1.0" encoding="UTF-8" standalone="no"?>
<Canvas xmlns="http://www.jgrasp.org">
  <Language>Java</Language>
  <Grid>
    <Snap>true</Snap>
    <Show>false</Show>
  </Grid>
  <Scope id="0">
    <Name>main</Name>
    <Signature>([Ljava/lang/String;)V</Signature>
    <DeclaringType>AddMultiplyIntsToDouble</DeclaringType>
    <Depth>0</Depth>
  </Scope>
  <Frame>
    <Bounds>
      <AutoSize>false</AutoSize>
      <X>50</X>
      <Y>80</Y>
      <W>643</W>
      <H>110</H>
    </Bounds>
    <Viewer>
      <ScopeID>0</ScopeID>
      <Expression>product</Expression>
      <ViewerClass>long_LongView</ViewerClass>
    </Viewer>
  </Frame>
  <Frame>
    <Bounds>
      <AutoSize>false</AutoSize>
      <X>50</X>
      <Y>240</Y>
      <W>663</W>
      <H>310</H>
    </Bounds>
    <Viewer>
      <ScopeID>0</ScopeID>
      <Expression>dProduct</Expression>
      <ViewerClass>double_DoubleView</ViewerClass>
    </Viewer>
  </Frame>
  <Size>
    <W>751</W>
    <H>790</H>
  </Size>
</Canvas>
