<?xml version="1.0" encoding="UTF-8" standalone="no"?>
<Canvas xmlns="http://www.jgrasp.org">
  <Language>Java</Language>
  <ShowTypes>false</ShowTypes>
  <Version>2</Version>
  <Grid>
    <Snap>true</Snap>
    <Show>false</Show>
  </Grid>
  <Scope id="0">
    <Name>main</Name>
    <Signature>([Ljava/lang/String;)V</Signature>
    <DeclaringType>ContinueForExample</DeclaringType>
    <Depth>0</Depth>
  </Scope>
  <Frame>
    <Bounds>
      <AutoSize>true</AutoSize>
      <X>50</X>
      <Y>60</Y>
      <W>954</W>
      <H>182</H>
    </Bounds>
    <Viewer>
      <ScopeID>0</ScopeID>
      <Expression>`local java.lang.String` searchStr</Expression>
      <Indices>i</Indices>
      <ViewerClass>java__lang__String_CharArrayView</ViewerClass>
    </Viewer>
  </Frame>
  <Size>
    <W>1253</W>
    <H>600</H>
  </Size>
  <ESize>
    <W>1253</W>
    <H>600</H>
  </ESize>
</Canvas>
