<?xml version="1.0" encoding="UTF-8" standalone="no"?>
<Canvas xmlns="http://www.jgrasp.org">
  <Language>Java</Language>
  <Grid>
    <Snap>true</Snap>
    <Show>false</Show>
  </Grid>
  <Scope id="0">
    <Name>main</Name>
    <Signature>([Ljava/lang/String;)V</Signature>
    <DeclaringType>EmployeeReviewer</DeclaringType>
    <Depth>0</Depth>
  </Scope>
  <Scope id="1">
    <Name>calculateAverage</Name>
    <Signature>()D</Signature>
    <DeclaringType>Review</DeclaringType>
    <Depth>5</Depth>
  </Scope>
  <Frame>
    <Bounds>
      <AutoSize>true</AutoSize>
      <X>220</X>
      <Y>180</Y>
      <W>50</W>
      <H>31</H>
    </Bounds>
    <Viewer>
      <ScopeID>0</ScopeID>
      <Expression>first</Expression>
      <ViewerClass>java__lang__String_FormattedView</ViewerClass>
    </Viewer>
  </Frame>
  <Frame>
    <Bounds>
      <AutoSize>false</AutoSize>
      <X>100</X>
      <Y>320</Y>
      <W>446</W>
      <H>190</H>
    </Bounds>
    <LabelLoc>
      <X>0</X>
      <Y>128</Y>
      <H>LEFT</H>
      <V>CENTER</V>
    </LabelLoc>
    <Viewer>
      <ScopeID>0</ScopeID>
      <Expression>allReviews</Expression>
      <ViewerClass>java__lang__Object_LinkedView</ViewerClass>
      <ViewerData>
        <ViewData>
          <Width>100</Width>
        </ViewData>
      </ViewerData>
    </Viewer>
  </Frame>
  <Frame>
    <Bounds>
      <AutoSize>true</AutoSize>
      <X>180</X>
      <Y>240</Y>
      <W>187</W>
      <H>51</H>
    </Bounds>
    <Viewer>
      <ScopeID>0</ScopeID>
      <Expression>emplReview</Expression>
      <ViewerClass>_X_ElementView</ViewerClass>
    </Viewer>
  </Frame>
  <Frame>
    <Bounds>
      <AutoSize>true</AutoSize>
      <X>100</X>
      <Y>180</Y>
      <W>103</W>
      <H>31</H>
    </Bounds>
    <Viewer>
      <ScopeID>0</ScopeID>
      <Expression>line</Expression>
      <ViewerClass>java__lang__String_FormattedView</ViewerClass>
    </Viewer>
  </Frame>
  <Frame>
    <Bounds>
      <AutoSize>true</AutoSize>
      <X>110</X>
      <Y>560</Y>
      <W>187</W>
      <H>51</H>
    </Bounds>
    <Viewer>
      <ScopeID>1</ScopeID>
      <Expression>this</Expression>
      <ViewerClass>_X_ElementView</ViewerClass>
    </Viewer>
  </Frame>
  <Frame>
    <Bounds>
      <AutoSize>true</AutoSize>
      <X>300</X>
      <Y>180</Y>
      <W>68</W>
      <H>31</H>
    </Bounds>
    <Viewer>
      <ScopeID>0</ScopeID>
      <Expression>last</Expression>
      <ViewerClass>java__lang__String_FormattedView</ViewerClass>
    </Viewer>
  </Frame>
  <Frame>
    <Bounds>
      <AutoSize>true</AutoSize>
      <X>90</X>
      <Y>40</Y>
      <W>479</W>
      <H>113</H>
    </Bounds>
    <LabelLoc>
      <X>-1</X>
      <Y>26</Y>
      <H>LEFT</H>
      <V>CENTER</V>
    </LabelLoc>
    <Viewer>
      <ScopeID>0</ScopeID>
      <Expression>fileScan</Expression>
      <ViewerClass>java__util__Scanner_PresentationView</ViewerClass>
    </Viewer>
  </Frame>
  <Size>
    <W>606</W>
    <H>720</H>
  </Size>
</Canvas>
