<?xml version="1.0" encoding="UTF-8" standalone="no"?>
<Canvas xmlns="http://www.jgrasp.org">
  <Language>Java</Language>
  <ShowTypes>false</ShowTypes>
  <Version>2</Version>
  <Grid>
    <Snap>true</Snap>
    <Show>false</Show>
  </Grid>
  <Scope id="0">
    <Name>main</Name>
    <Signature>([Ljava/lang/String;)V</Signature>
    <DeclaringType>EmployeeReviewer</DeclaringType>
    <Depth>0</Depth>
  </Scope>
  <Frame>
    <Bounds>
      <AutoSize>true</AutoSize>
      <X>90</X>
      <Y>180</Y>
      <W>794</W>
      <H>124</H>
    </Bounds>
    <Viewer>
      <ScopeID>0</ScopeID>
      <Expression>`local java.util.Scanner` lineScan</Expression>
      <ViewerClass>java__util__Scanner_PresentationView</ViewerClass>
    </Viewer>
  </Frame>
  <Frame>
    <Bounds>
      <AutoSize>true</AutoSize>
      <X>90</X>
      <Y>30</Y>
      <W>794</W>
      <H>124</H>
    </Bounds>
    <Viewer>
      <ScopeID>0</ScopeID>
      <Expression>fileScan</Expression>
      <ViewerClass>java__util__Scanner_PresentationView</ViewerClass>
    </Viewer>
  </Frame>
  <Frame>
    <Bounds>
      <AutoSize>true</AutoSize>
      <X>60</X>
      <Y>430</Y>
      <W>223</W>
      <H>78</H>
    </Bounds>
    <Viewer>
      <ScopeID>0</ScopeID>
      <Expression>`local Review` emplReview</Expression>
      <ViewerClass>_X_ElementView</ViewerClass>
    </Viewer>
  </Frame>
  <Frame>
    <Bounds>
      <AutoSize>true</AutoSize>
      <X>190</X>
      <Y>340</Y>
      <W>95</W>
      <H>51</H>
    </Bounds>
    <Viewer>
      <ScopeID>0</ScopeID>
      <Expression>last</Expression>
      <ViewerClass>_X_PresentationToStringView</ViewerClass>
    </Viewer>
  </Frame>
  <Frame>
    <Bounds>
      <AutoSize>false</AutoSize>
      <X>330</X>
      <Y>340</Y>
      <W>288</W>
      <H>162</H>
    </Bounds>
    <PanelSize>
      <Key>java__util__Collection_ToStringView0</Key>
      <Order>4</Order>
      <W>294</W>
      <H>188</H>
    </PanelSize>
    <Viewer>
      <ScopeID>0</ScopeID>
      <Expression>`local java.util.ArrayList` allReviews</Expression>
      <ViewerClass>java__util__Collection_ToStringView</ViewerClass>
    </Viewer>
  </Frame>
  <Frame>
    <Bounds>
      <AutoSize>true</AutoSize>
      <X>80</X>
      <Y>340</Y>
      <W>65</W>
      <H>51</H>
    </Bounds>
    <Viewer>
      <ScopeID>0</ScopeID>
      <Expression>first</Expression>
      <ViewerClass>_X_PresentationToStringView</ViewerClass>
    </Viewer>
  </Frame>
  <Size>
    <W>749</W>
    <H>719</H>
  </Size>
  <ESize>
    <W>749</W>
    <H>719</H>
  </ESize>
</Canvas>
