<?xml version="1.0" encoding="UTF-8" standalone="no"?>
<Canvas xmlns="http://www.jgrasp.org">
  <Language>Java</Language>
  <ShowTypes>false</ShowTypes>
  <Version>2</Version>
  <Grid>
    <Snap>true</Snap>
    <Show>false</Show>
  </Grid>
  <Scope id="0">
    <Name>main</Name>
    <Signature>([Ljava/lang/String;)V</Signature>
    <DeclaringType>GroupRoster</DeclaringType>
    <Depth>0</Depth>
  </Scope>
  <Frame>
    <Bounds>
      <AutoSize>true</AutoSize>
      <X>70</X>
      <Y>60</Y>
      <W>420</W>
      <H>219</H>
    </Bounds>
    <Viewer>
      <ScopeID>0</ScopeID>
      <Expression>list</Expression>
      <ViewerClass>java__lang__Object_LinkedView</ViewerClass>
      <ViewerData>
        <ViewData>
          <Width>75</Width>
        </ViewData>
      </ViewerData>
    </Viewer>
  </Frame>
  <Frame>
    <Bounds>
      <AutoSize>true</AutoSize>
      <X>80</X>
      <Y>350</Y>
      <W>138</W>
      <H>156</H>
    </Bounds>
    <Viewer>
      <ScopeID>0</ScopeID>
      <Expression>list</Expression>
      <ViewerClass>java__util__Collection_ToStringView</ViewerClass>
    </Viewer>
  </Frame>
  <Size>
    <W>749</W>
    <H>720</H>
  </Size>
  <ESize>
    <W>749</W>
    <H>720</H>
  </ESize>
</Canvas>
