<?xml version="1.0" encoding="UTF-8" standalone="no"?>
<Canvas xmlns="http://www.jgrasp.org">
  <Language>Java</Language>
  <ShowTypes>false</ShowTypes>
  <Version>2</Version>
  <Grid>
    <Snap>true</Snap>
    <Show>false</Show>
  </Grid>
  <Scope id="0">
    <Name>main</Name>
    <Signature>([Ljava/lang/String;)V</Signature>
    <DeclaringType>TrueOrFalse</DeclaringType>
    <Depth>0</Depth>
  </Scope>
  <Frame>
    <Bounds>
      <AutoSize>true</AutoSize>
      <X>100</X>
      <Y>300</Y>
      <W>79</W>
      <H>52</H>
    </Bounds>
    <Viewer>
      <ScopeID>0</ScopeID>
      <Expression>answer</Expression>
      <ViewerClass>java__lang__String_FormattedView</ViewerClass>
    </Viewer>
  </Frame>
  <Frame>
    <Bounds>
      <AutoSize>false</AutoSize>
      <X>70</X>
      <Y>50</Y>
      <W>448</W>
      <H>113</H>
    </Bounds>
    <PanelSize>
      <Key>java__util__Scanner_PresentationView0</Key>
      <Order>4</Order>
      <W>454</W>
      <H>143</H>
    </PanelSize>
    <Viewer>
      <ScopeID>0</ScopeID>
      <Expression>stdIn</Expression>
      <ViewerClass>java__util__Scanner_PresentationView</ViewerClass>
    </Viewer>
  </Frame>
  <Frame>
    <Bounds>
      <AutoSize>true</AutoSize>
      <X>100</X>
      <Y>210</Y>
      <W>72</W>
      <H>55</H>
    </Bounds>
    <LabelLoc>
      <WO>false</WO>
    </LabelLoc>
    <Viewer>
      <ScopeID>0</ScopeID>
      <Expression>input</Expression>
      <ViewerClass>_X_PresentationToStringView</ViewerClass>
    </Viewer>
  </Frame>
  <Size>
    <W>749</W>
    <H>556</H>
  </Size>
  <ESize>
    <W>749</W>
    <H>556</H>
  </ESize>
</Canvas>
