<?xml version="1.0" encoding="UTF-8" standalone="no"?>
<Canvas xmlns="http://www.jgrasp.org">
  <Language>Java</Language>
  <ShowTypes>false</ShowTypes>
  <Version>2</Version>
  <Grid>
    <Snap>true</Snap>
    <Show>false</Show>
  </Grid>
  <Scope id="0">
    <Name>main</Name>
    <Signature>([Ljava/lang/String;)V</Signature>
    <DeclaringType>ArrayExamples</DeclaringType>
    <Depth>0</Depth>
  </Scope>
  <Frame>
    <Bounds>
      <AutoSize>true</AutoSize>
      <X>110</X>
      <Y>570</Y>
      <W>76</W>
      <H>53</H>
    </Bounds>
    <LabelLoc>
      <WO>false</WO>
    </LabelLoc>
    <Viewer>
      <ScopeID>0</ScopeID>
      <Expression>`local int` len</Expression>
      <ViewerClass>_X_PresentationToStringView</ViewerClass>
    </Viewer>
  </Frame>
  <Frame>
    <Bounds>
      <AutoSize>true</AutoSize>
      <X>110</X>
      <Y>184</Y>
      <W>342</W>
      <H>96</H>
    </Bounds>
    <Viewer>
      <ScopeID>0</ScopeID>
      <Expression>myChar</Expression>
      <ViewerClass>_X_A_PresentationView</ViewerClass>
      <ViewerData>
        <Width>43</Width>
      </ViewerData>
    </Viewer>
  </Frame>
  <Frame>
    <Bounds>
      <AutoSize>true</AutoSize>
      <X>40</X>
      <Y>630</Y>
      <W>592</W>
      <H>142</H>
    </Bounds>
    <Viewer>
      <ScopeID>0</ScopeID>
      <Expression>myStrings</Expression>
      <ViewerClass>_X_A_PresentationView</ViewerClass>
      <ViewerData>
        <Width>79</Width>
      </ViewerData>
    </Viewer>
  </Frame>
  <Frame>
    <Bounds>
      <AutoSize>true</AutoSize>
      <X>110</X>
      <Y>430</Y>
      <W>342</W>
      <H>96</H>
    </Bounds>
    <Viewer>
      <ScopeID>0</ScopeID>
      <Expression>myDoubles</Expression>
      <ViewerClass>_X_A_PresentationView</ViewerClass>
      <ViewerData>
        <Width>43</Width>
      </ViewerData>
    </Viewer>
  </Frame>
  <Frame>
    <Bounds>
      <AutoSize>true</AutoSize>
      <X>110</X>
      <Y>310</Y>
      <W>342</W>
      <H>96</H>
    </Bounds>
    <Viewer>
      <ScopeID>0</ScopeID>
      <Expression>myBooleans</Expression>
      <ViewerClass>_X_A_PresentationView</ViewerClass>
      <ViewerData>
        <Width>43</Width>
      </ViewerData>
    </Viewer>
  </Frame>
  <Frame>
    <Bounds>
      <AutoSize>true</AutoSize>
      <X>110</X>
      <Y>54</Y>
      <W>342</W>
      <H>96</H>
    </Bounds>
    <Viewer>
      <ScopeID>0</ScopeID>
      <Expression>myInts</Expression>
      <ViewerClass>_X_A_PresentationView</ViewerClass>
      <ViewerData>
        <Width>43</Width>
      </ViewerData>
    </Viewer>
  </Frame>
  <Size>
    <W>795</W>
    <H>868</H>
  </Size>
  <ESize>
    <W>795</W>
    <H>868</H>
  </ESize>
</Canvas>
