<?xml version="1.0" encoding="UTF-8" standalone="no"?>
<Canvas xmlns="http://www.jgrasp.org">
  <Language>Java</Language>
  <ShowTypes>false</ShowTypes>
  <Version>2</Version>
  <Grid>
    <Snap>true</Snap>
    <Show>false</Show>
  </Grid>
  <Scope id="0">
    <Name>main</Name>
    <Signature>([Ljava/lang/String;)V</Signature>
    <DeclaringType>InitializerListExample</DeclaringType>
    <Depth>0</Depth>
  </Scope>
  <Frame>
    <Bounds>
      <AutoSize>false</AutoSize>
      <X>10</X>
      <Y>50</Y>
      <W>1018</W>
      <H>258</H>
    </Bounds>
    <PanelSize>
      <Key>_X_A_PresentationView0</Key>
      <Order>4</Order>
      <W>1024</W>
      <H>297</H>
    </PanelSize>
    <Viewer>
      <ScopeID>0</ScopeID>
      <Expression>list</Expression>
      <Indices>index</Indices>
      <ViewerClass>_X_A_PresentationView</ViewerClass>
      <ViewerData>
        <Width>57</Width>
      </ViewerData>
    </Viewer>
  </Frame>
  <Size>
    <W>1030</W>
    <H>437</H>
  </Size>
  <ESize>
    <W>1030</W>
    <H>437</H>
  </ESize>
</Canvas>
