<?xml version="1.0" encoding="UTF-8" standalone="no"?>
<Canvas xmlns="http://www.jgrasp.org">
  <Language>Java</Language>
  <Grid>
    <Snap>true</Snap>
    <Show>false</Show>
  </Grid>
  <Frame>
    <Bounds>
      <AutoSize>true</AutoSize>
      <X>110</X>
      <Y>80</Y>
      <W>146</W>
      <H>111</H>
    </Bounds>
    <Viewer>
      <Expression>pa</Expression>
      <ViewerClass>_X_ElementView</ViewerClass>
    </Viewer>
  </Frame>
  <Frame>
    <Bounds>
      <AutoSize>true</AutoSize>
      <X>320</X>
      <Y>120</Y>
      <W>225</W>
      <H>31</H>
    </Bounds>
    <Viewer>
      <Expression>pa[2]</Expression>
      <ViewerClass>_X_ElementView</ViewerClass>
    </Viewer>
  </Frame>
  <Size>
    <W>613</W>
    <H>600</H>
  </Size>
</Canvas>
