<?xml version="1.0" encoding="UTF-8" standalone="no"?>
<Canvas xmlns="http://www.jgrasp.org">
  <Language>Java</Language>
  <ShowTypes>false</ShowTypes>
  <Version>2</Version>
  <Grid>
    <Snap>true</Snap>
    <Show>false</Show>
  </Grid>
  <Scope id="0">
    <Name>main</Name>
    <Signature>([Ljava/lang/String;)V</Signature>
    <DeclaringType>TwoDArrayStringsWithCopyOf</DeclaringType>
    <Depth>0</Depth>
  </Scope>
  <Frame>
    <Bounds>
      <AutoSize>true</AutoSize>
      <X>50</X>
      <Y>360</Y>
      <W>294</W>
      <H>106</H>
    </Bounds>
    <Viewer>
      <ScopeID>0</ScopeID>
      <Expression>`local java.lang.String[][]` table</Expression>
      <Indices>row</Indices>
      <ViewerClass>_X_ElementView</ViewerClass>
    </Viewer>
  </Frame>
  <Frame>
    <Bounds>
      <AutoSize>true</AutoSize>
      <X>48</X>
      <Y>110</Y>
      <W>714</W>
      <H>138</H>
    </Bounds>
    <Viewer>
      <ScopeID>0</ScopeID>
      <Expression>`local java.lang.String[][]` table</Expression>
      <ViewerClass>_X_A_A_ToStringView</ViewerClass>
      <ViewerData>
        <Cols>7</Cols>
      </ViewerData>
    </Viewer>
  </Frame>
  <Size>
    <W>637</W>
    <H>733</H>
  </Size>
  <ESize>
    <W>637</W>
    <H>733</H>
  </ESize>
</Canvas>
