<?xml version="1.0" encoding="UTF-8" standalone="no"?>
<Canvas xmlns="http://www.jgrasp.org">
  <Language>Java</Language>
  <ShowTypes>false</ShowTypes>
  <Version>2</Version>
  <Grid>
    <Snap>true</Snap>
    <Show>false</Show>
  </Grid>
  <Scope id="0">
    <Name>main</Name>
    <Signature>([Ljava/lang/String;)V</Signature>
    <DeclaringType>StringExample2</DeclaringType>
    <Depth>0</Depth>
  </Scope>
  <Frame>
    <Bounds>
      <AutoSize>true</AutoSize>
      <X>20</X>
      <Y>380</Y>
      <W>598</W>
      <H>129</H>
    </Bounds>
    <Viewer>
      <ScopeID>0</ScopeID>
      <Expression>`local java.lang.String` firstHalf</Expression>
      <ViewerClass>java__lang__String_CharArrayView</ViewerClass>
    </Viewer>
  </Frame>
  <Frame>
    <Bounds>
      <AutoSize>true</AutoSize>
      <X>20</X>
      <Y>500</Y>
      <W>598</W>
      <H>129</H>
    </Bounds>
    <Viewer>
      <ScopeID>0</ScopeID>
      <Expression>`local java.lang.String` secondHalf</Expression>
      <ViewerClass>java__lang__String_CharArrayView</ViewerClass>
    </Viewer>
  </Frame>
  <Frame>
    <Bounds>
      <AutoSize>false</AutoSize>
      <X>5</X>
      <Y>30</Y>
      <W>1143</W>
      <H>130</H>
    </Bounds>
    <PanelSize>
      <Key>java__lang__String_CharArrayView0</Key>
      <Order>4</Order>
      <W>1149</W>
      <H>169</H>
    </PanelSize>
    <Viewer>
      <ScopeID>0</ScopeID>
      <Expression>`local java.lang.String` input</Expression>
      <ViewerClass>java__lang__String_CharArrayView</ViewerClass>
    </Viewer>
  </Frame>
  <Frame>
    <Bounds>
      <AutoSize>false</AutoSize>
      <X>20</X>
      <Y>250</Y>
      <W>1158</W>
      <H>129</H>
    </Bounds>
    <PanelSize>
      <Key>java__lang__String_CharArrayView0</Key>
      <Order>4</Order>
      <W>1164</W>
      <H>168</H>
    </PanelSize>
    <Viewer>
      <ScopeID>0</ScopeID>
      <Expression>`local java.lang.String` replaced</Expression>
      <ViewerClass>java__lang__String_CharArrayView</ViewerClass>
    </Viewer>
  </Frame>
  <Frame>
    <Bounds>
      <AutoSize>true</AutoSize>
      <X>20</X>
      <Y>160</Y>
      <W>186</W>
      <H>62</H>
    </Bounds>
    <PanelSize>
      <Key>java__lang__String_CharArrayView0</Key>
      <Order>4</Order>
      <W>1104</W>
      <H>169</H>
    </PanelSize>
    <Viewer>
      <ScopeID>0</ScopeID>
      <Expression>`local java.lang.String` input</Expression>
      <ViewerClass>java__lang__String_FormattedView</ViewerClass>
    </Viewer>
  </Frame>
  <Size>
    <W>1172</W>
    <H>732</H>
  </Size>
  <ESize>
    <W>1172</W>
    <H>732</H>
  </ESize>
</Canvas>
